account_id,account_age_days,kyc_level,is_promptpay_linked,avg_inflow_velocity_sec,is_mule
ACC_0000,39,2,1,142.55,1
ACC_0001,21,1,1,19.87,1
ACC_0002,24,1,1,120.65,1
ACC_0003,2,1,0,10.13,1
ACC_0004,21,1,1,11.2,1
ACC_0005,25,1,1,33.71,1
ACC_0006,28,2,1,25.4,1
ACC_0007,44,1,1,17.9,1
ACC_0008,7,1,1,171.31,1
ACC_0009,14,2,1,26.6,1
ACC_0010,20,1,1,113.7,1
ACC_0011,8,1,0,53.99,1
ACC_0012,40,2,1,45.35,1
ACC_0013,4,1,0,141.77,1
ACC_0014,34,1,0,133.64,1
ACC_0015,15,1,1,17.69,1
ACC_0016,40,2,1,101.75,1
ACC_0017,24,1,1,102.26,1
ACC_0018,41,1,1,12.66,1
ACC_0019,9,2,1,10.94,1
ACC_0020,11,1,1,144.33,1
ACC_0021,5,2,1,165.54,1
ACC_0022,9,1,1,20.8,1
ACC_0023,23,1,1,110.52,1
ACC_0024,22,2,1,30.33,1
ACC_0025,14,2,1,50.12,1
ACC_0026,14,1,1,82.68,1
ACC_0027,42,1,1,162.28,1
ACC_0028,32,1,1,112.75,1
ACC_0029,15,2,1,23.09,1
ACC_0030,22,2,1,60.26,1
ACC_0031,6,1,1,80.81,1
ACC_0032,11,1,1,70.57,1
ACC_0033,33,1,1,10.09,1
ACC_0034,13,2,1,96.83,1
ACC_0035,9,1,1,55.8,1
ACC_0036,24,2,1,98.19,1
ACC_0037,41,1,1,53.17,1
ACC_0038,12,1,1,61.15,1
ACC_0039,17,1,0,79.88,1
ACC_0040,23,1,0,50.73,1
ACC_0041,2,1,1,103.99,1
ACC_0042,4,1,1,51.17,1
ACC_0043,38,1,1,117.7,1
ACC_0044,11,2,1,35.62,1
ACC_0045,6,1,1,65.41,1
ACC_0046,36,1,1,48.5,1
ACC_0047,32,1,0,77.59,1
ACC_0048,39,2,1,67.98,1
ACC_0049,25,1,1,128.28,1
ACC_0050,7,1,1,104.38,1
ACC_0051,2,2,0,104.91,1
ACC_0052,32,1,1,69.37,1
ACC_0053,16,2,1,142.58,1
ACC_0054,24,2,0,143.51,1
ACC_0055,40,1,1,27.25,1
ACC_0056,35,2,1,61.91,1
ACC_0057,2,1,1,48.13,1
ACC_0058,33,1,1,40.4,1
ACC_0059,8,2,1,106.61,1
ACC_0060,519,2,1,276204.89,0
ACC_0061,1105,2,1,420437.72,0
ACC_0062,1448,2,1,391772.72,0
ACC_0063,86,2,0,218929.73,0
ACC_0064,343,2,0,373809.38,0
ACC_0065,1079,2,0,123882.88,0
ACC_0066,606,2,0,22279.86,0
ACC_0067,1255,2,0,412263.0,0
ACC_0068,1456,2,0,323922.72,0
ACC_0069,1120,2,0,187034.09,0
ACC_0070,240,2,1,423574.05,0
ACC_0071,1199,2,1,168575.87,0
ACC_0072,1244,2,1,76210.69,0
ACC_0073,1876,2,1,365260.91,0
ACC_0074,1406,2,1,45230.41,0
ACC_0075,1371,2,0,157244.28,0
ACC_0076,1722,2,1,379466.62,0
ACC_0077,844,2,0,62128.58,0
ACC_0078,305,2,1,129374.75,0
ACC_0079,818,2,1,113359.05,0
ACC_0080,467,2,0,222659.08,0
ACC_0081,1908,2,0,86826.96,0
ACC_0082,1859,2,0,344517.58,0
ACC_0083,1031,2,0,15431.03,0
ACC_0084,1437,2,1,251335.21,0
ACC_0085,913,2,1,70019.83,0
ACC_0086,1273,2,1,256712.97,0
ACC_0087,1425,2,1,20236.8,0
ACC_0088,1866,2,1,58032.72,0
ACC_0089,1052,2,0,119928.99,0
ACC_0090,1703,2,0,40162.85,0
ACC_0091,936,2,1,179824.01,0
ACC_0092,926,2,0,314657.53,0
ACC_0093,328,2,0,309732.54,0
ACC_0094,1742,2,0,119624.54,0
ACC_0095,1687,2,0,111068.65,0
ACC_0096,1557,2,0,361733.88,0
ACC_0097,1476,2,0,28530.14,0
ACC_0098,693,2,1,110804.06,0
ACC_0099,1721,2,1,81939.79,0
ACC_0100,1320,2,1,412664.29,0
ACC_0101,763,2,1,265661.17,0
ACC_0102,306,2,1,246090.34,0
ACC_0103,1518,2,0,9766.17,0
ACC_0104,1303,2,1,21048.22,0
ACC_0105,1833,2,0,78711.49,0
ACC_0106,971,2,1,214208.24,0
ACC_0107,610,2,1,202666.26,0
ACC_0108,416,2,1,267430.18,0
ACC_0109,1920,2,0,115366.83,0
ACC_0110,1989,2,0,219143.57,0
ACC_0111,828,2,1,296610.08,0
ACC_0112,1099,2,1,278812.42,0
ACC_0113,556,2,0,276235.3,0
ACC_0114,911,2,1,169892.0,0
ACC_0115,439,2,1,351119.87,0
ACC_0116,1510,2,0,169006.37,0
ACC_0117,1500,2,0,92143.58,0
ACC_0118,344,2,1,46773.3,0
ACC_0119,1981,2,1,268459.96,0
ACC_0120,786,2,1,140249.16,0
ACC_0121,1029,2,1,352518.3,0
ACC_0122,676,2,1,300434.23,0
ACC_0123,1709,2,0,379509.01,0
ACC_0124,1503,2,1,418111.51,0
ACC_0125,735,2,1,325163.36,0
ACC_0126,251,2,1,317037.9,0
ACC_0127,1631,2,1,336215.31,0
ACC_0128,1747,2,0,244303.69,0
ACC_0129,1863,2,1,325273.17,0
ACC_0130,276,2,1,165419.05,0
ACC_0131,1964,2,1,357654.38,0
ACC_0132,1425,2,1,46433.53,0
ACC_0133,1695,2,1,391465.64,0
ACC_0134,135,2,1,413493.5,0
ACC_0135,794,2,0,249260.79,0
ACC_0136,1450,2,1,42886.06,0
ACC_0137,455,2,1,291706.91,0
ACC_0138,1567,2,0,338307.23,0
ACC_0139,1122,2,1,215409.66,0
ACC_0140,994,2,0,27535.2,0
ACC_0141,1246,2,0,153931.99,0
ACC_0142,717,2,0,298352.06,0
ACC_0143,1013,2,0,46920.95,0
ACC_0144,1602,2,1,98951.74,0
ACC_0145,1476,2,0,306154.17,0
ACC_0146,1600,2,1,103514.91,0
ACC_0147,1731,2,1,162383.1,0
ACC_0148,559,2,1,392455.98,0
ACC_0149,1384,2,0,164789.61,0
ACC_0150,1498,2,1,165529.88,0
ACC_0151,226,2,1,391882.22,0
ACC_0152,98,2,1,112277.44,0
ACC_0153,813,2,1,27720.32,0
ACC_0154,535,2,0,356083.39,0
ACC_0155,1084,2,0,105347.77,0
ACC_0156,564,2,1,125999.06,0
ACC_0157,883,2,1,190526.27,0
ACC_0158,117,2,1,419096.09,0
ACC_0159,1912,2,1,22192.9,0
ACC_0160,1296,2,0,35214.45,0
ACC_0161,1310,2,0,35916.16,0
ACC_0162,106,2,0,301658.74,0
ACC_0163,1498,2,0,302162.69,0
ACC_0164,1342,2,0,23069.23,0
ACC_0165,1095,2,0,28388.89,0
ACC_0166,417,2,1,269264.8,0
ACC_0167,1091,2,1,280709.84,0
ACC_0168,1731,2,1,253638.28,0
ACC_0169,791,2,1,114962.52,0
ACC_0170,561,2,1,123450.69,0
ACC_0171,1807,2,0,119678.25,0
ACC_0172,968,2,0,355974.95,0
ACC_0173,1677,2,1,252570.07,0
ACC_0174,509,2,1,379161.78,0
ACC_0175,1334,2,1,14895.61,0
ACC_0176,1884,2,0,209390.54,0
ACC_0177,1322,2,1,258125.6,0
ACC_0178,122,2,1,358813.95,0
ACC_0179,748,2,0,204388.15,0
ACC_0180,1182,2,1,9457.07,0
ACC_0181,882,2,0,351846.79,0
ACC_0182,1946,2,0,394800.21,0
ACC_0183,1106,2,0,408337.64,0
ACC_0184,1541,2,1,106880.74,0
ACC_0185,516,2,1,412315.46,0
ACC_0186,776,2,1,379829.73,0
ACC_0187,547,2,0,157036.91,0
ACC_0188,1155,2,1,217013.97,0
ACC_0189,497,2,0,226438.04,0
ACC_0190,327,2,0,418279.96,0
ACC_0191,1049,2,0,176452.06,0
ACC_0192,683,2,1,183757.53,0
ACC_0193,1312,2,0,305227.77,0
ACC_0194,494,2,0,268035.77,0
ACC_0195,797,2,1,256320.74,0
ACC_0196,857,2,1,42585.3,0
ACC_0197,1391,2,1,196770.04,0
ACC_0198,1418,2,1,270101.94,0
ACC_0199,1646,2,0,344808.51,0
ACC_0200,197,2,0,214422.62,0
ACC_0201,1591,2,1,23246.97,0
ACC_0202,1857,2,1,144437.19,0
ACC_0203,1830,2,1,149925.68,0
ACC_0204,170,2,1,58454.84,0
ACC_0205,154,2,1,302480.79,0
ACC_0206,959,2,1,151683.86,0
ACC_0207,1278,2,0,224327.13,0
ACC_0208,731,2,1,85976.62,0
ACC_0209,1486,2,0,151433.4,0
ACC_0210,741,2,1,41600.17,0
ACC_0211,1596,2,1,156106.75,0
ACC_0212,1129,2,1,219263.96,0
ACC_0213,1896,2,1,43137.29,0
ACC_0214,106,2,0,38625.57,0
ACC_0215,409,2,1,165229.31,0
ACC_0216,396,2,1,348976.63,0
ACC_0217,684,2,1,426112.5,0
ACC_0218,362,2,1,211169.65,0
ACC_0219,533,2,0,231194.25,0
ACC_0220,1469,2,0,19315.08,0
ACC_0221,1395,2,1,297981.7,0
ACC_0222,978,2,1,231557.42,0
ACC_0223,1357,2,1,231773.24,0
ACC_0224,1098,2,1,319504.39,0
ACC_0225,87,2,1,141578.71,0
ACC_0226,1314,2,1,232937.76,0
ACC_0227,596,2,0,257895.01,0
ACC_0228,1663,2,1,281555.7,0
ACC_0229,1229,2,1,233696.44,0
ACC_0230,93,2,1,254871.78,0
ACC_0231,807,2,1,125169.6,0
ACC_0232,1601,2,0,263876.66,0
ACC_0233,1526,2,1,426223.13,0
ACC_0234,1824,2,0,6827.72,0
ACC_0235,336,2,1,108968.29,0
ACC_0236,575,2,0,41251.06,0
ACC_0237,409,2,1,387774.31,0
ACC_0238,818,2,1,11415.08,0
ACC_0239,288,2,0,51597.47,0
ACC_0240,1405,2,1,396612.28,0
ACC_0241,1930,2,0,114085.57,0
ACC_0242,563,2,0,355257.06,0
ACC_0243,253,2,1,248478.88,0
ACC_0244,1518,2,0,91455.23,0
ACC_0245,1493,2,1,185856.97,0
ACC_0246,284,2,0,230583.47,0
ACC_0247,60,2,0,127249.33,0
ACC_0248,1888,2,1,402874.94,0
ACC_0249,904,2,1,25801.2,0
ACC_0250,749,2,1,238621.58,0
ACC_0251,1733,2,0,141696.39,0
ACC_0252,1725,2,1,63072.53,0
ACC_0253,388,2,0,258771.64,0
ACC_0254,1633,2,1,153055.17,0
ACC_0255,1900,2,0,323175.49,0
ACC_0256,393,2,0,428114.19,0
ACC_0257,647,2,1,400490.93,0
ACC_0258,1403,2,1,364239.45,0
ACC_0259,1923,2,0,325115.02,0
ACC_0260,1911,2,1,73971.47,0
ACC_0261,64,2,1,275102.17,0
ACC_0262,633,2,1,379392.71,0
ACC_0263,148,2,0,197214.78,0
ACC_0264,675,2,1,201812.02,0
ACC_0265,481,2,1,191558.22,0
ACC_0266,1052,2,1,388977.75,0
ACC_0267,562,2,1,32139.63,0
ACC_0268,163,2,0,53679.12,0
ACC_0269,1729,2,1,316567.25,0
ACC_0270,613,2,1,343760.39,0
ACC_0271,1752,2,1,321241.85,0
ACC_0272,982,2,0,68577.52,0
ACC_0273,1180,2,0,337140.22,0
ACC_0274,348,2,1,247740.74,0
ACC_0275,1605,2,1,326885.76,0
ACC_0276,1201,2,0,50994.64,0
ACC_0277,287,2,1,262335.55,0
ACC_0278,74,2,0,67824.63,0
ACC_0279,106,2,1,334274.24,0
ACC_0280,1494,2,0,300887.51,0
ACC_0281,1375,2,0,260224.18,0
ACC_0282,1743,2,1,392780.22,0
ACC_0283,609,2,1,185068.9,0
ACC_0284,405,2,0,69295.74,0
ACC_0285,200,2,1,46780.41,0
ACC_0286,1052,2,1,377217.88,0
ACC_0287,1543,2,1,397192.72,0
ACC_0288,1216,2,0,306581.03,0
ACC_0289,1189,2,0,164008.11,0
ACC_0290,1988,2,1,319092.71,0
ACC_0291,1379,2,0,393737.97,0
ACC_0292,1852,2,1,425505.97,0
ACC_0293,1705,2,1,362381.05,0
ACC_0294,1084,2,0,225870.22,0
ACC_0295,995,2,0,166094.56,0
ACC_0296,1392,2,1,347542.42,0
ACC_0297,176,2,0,52552.11,0
ACC_0298,303,2,1,397666.15,0
ACC_0299,445,2,1,209590.56,0
ACC_0300,406,2,1,99820.71,0
ACC_0301,935,2,0,109940.21,0
ACC_0302,84,2,1,183067.66,0
ACC_0303,1939,2,1,337964.36,0
ACC_0304,1062,2,0,9209.67,0
ACC_0305,1552,2,1,421521.9,0
ACC_0306,1444,2,1,181224.97,0
ACC_0307,535,2,1,82623.89,0
ACC_0308,386,2,1,32335.56,0
ACC_0309,274,2,1,346226.62,0
ACC_0310,1401,2,1,85290.62,0
ACC_0311,488,2,1,361984.37,0
ACC_0312,1102,2,1,335836.03,0
ACC_0313,1258,2,1,232560.9,0
ACC_0314,1196,2,1,243349.92,0
ACC_0315,890,2,1,146841.03,0
ACC_0316,114,2,0,163525.71,0
ACC_0317,1541,2,0,229186.22,0
ACC_0318,146,2,0,363365.55,0
ACC_0319,1474,2,0,15207.92,0
ACC_0320,818,2,1,87614.85,0
ACC_0321,1850,2,1,48200.12,0
ACC_0322,1322,2,1,383788.07,0
ACC_0323,1687,2,1,46200.69,0
ACC_0324,155,2,0,262009.77,0
ACC_0325,873,2,0,173753.42,0
ACC_0326,224,2,1,177698.46,0
ACC_0327,882,2,0,9170.02,0
ACC_0328,834,2,0,366938.08,0
ACC_0329,1707,2,1,253375.0,0
ACC_0330,759,2,0,393711.32,0
ACC_0331,768,2,1,114737.0,0
ACC_0332,1469,2,1,18263.32,0
ACC_0333,1615,2,0,178991.95,0
ACC_0334,1817,2,1,372481.54,0
ACC_0335,1950,2,0,330728.72,0
ACC_0336,1363,2,1,245978.7,0
ACC_0337,118,2,0,346257.99,0
ACC_0338,780,2,1,223136.86,0
ACC_0339,580,2,1,274982.07,0
ACC_0340,1442,2,1,279941.21,0
ACC_0341,553,2,0,228805.67,0
ACC_0342,1192,2,0,296275.96,0
ACC_0343,897,2,0,54044.56,0
ACC_0344,1439,2,1,32377.94,0
ACC_0345,1760,2,0,359061.39,0
ACC_0346,1682,2,1,63583.94,0
ACC_0347,86,2,0,377974.51,0
ACC_0348,227,2,1,274819.21,0
ACC_0349,880,2,1,395334.08,0
ACC_0350,981,2,1,333858.43,0
ACC_0351,1641,2,1,74835.8,0
ACC_0352,1446,2,1,42300.35,0
ACC_0353,1454,2,1,170374.24,0
ACC_0354,1379,2,1,395806.06,0
ACC_0355,246,2,1,246247.75,0
ACC_0356,157,2,1,412330.84,0
ACC_0357,465,2,0,95680.46,0
ACC_0358,1631,2,1,73006.75,0
ACC_0359,1327,2,1,216243.3,0
ACC_0360,424,2,1,270635.66,0
ACC_0361,1533,2,1,35789.03,0
ACC_0362,1100,2,1,305590.11,0
ACC_0363,1699,2,1,109158.63,0
ACC_0364,190,2,1,4602.19,0
ACC_0365,1518,2,1,256454.82,0
ACC_0366,334,2,1,349503.12,0
ACC_0367,876,2,1,410681.68,0
ACC_0368,1906,2,1,40744.51,0
ACC_0369,1675,2,0,317285.14,0
ACC_0370,720,2,0,313805.87,0
ACC_0371,1035,2,0,110557.77,0
ACC_0372,1172,2,0,300556.26,0
ACC_0373,548,2,0,20490.45,0
ACC_0374,837,2,1,431723.04,0
ACC_0375,1877,2,1,395795.19,0
ACC_0376,1865,2,1,316770.54,0
ACC_0377,942,2,0,419601.35,0
ACC_0378,786,2,0,322785.65,0
ACC_0379,431,2,0,140302.64,0
ACC_0380,1573,2,0,282131.69,0
ACC_0381,1235,2,1,55250.85,0
ACC_0382,1181,2,0,230765.58,0
ACC_0383,1045,2,0,31598.66,0
ACC_0384,1610,2,0,234251.2,0
ACC_0385,1041,2,1,271731.87,0
ACC_0386,75,2,1,379163.45,0
ACC_0387,1533,2,1,376350.36,0
ACC_0388,473,2,1,83056.59,0
ACC_0389,1357,2,0,345798.74,0
ACC_0390,1122,2,1,26169.76,0
ACC_0391,536,2,1,209138.32,0
ACC_0392,331,2,0,425181.36,0
ACC_0393,325,2,1,147701.11,0
ACC_0394,399,2,0,105892.13,0
ACC_0395,62,2,1,130836.03,0
ACC_0396,383,2,0,255974.1,0
ACC_0397,491,2,1,426740.27,0
ACC_0398,644,2,1,171374.35,0
ACC_0399,1023,2,1,410563.37,0
ACC_0400,120,2,1,255736.63,0
ACC_0401,866,2,0,408323.2,0
ACC_0402,70,2,0,427366.82,0
ACC_0403,1794,2,0,102848.16,0
ACC_0404,1743,2,0,102375.84,0
ACC_0405,1326,2,1,102418.95,0
ACC_0406,285,2,1,19335.96,0
ACC_0407,565,2,0,153593.66,0
ACC_0408,1856,2,0,96273.21,0
ACC_0409,1604,2,0,429818.51,0
ACC_0410,1656,2,1,224332.21,0
ACC_0411,909,2,0,69529.01,0
ACC_0412,219,2,1,270466.37,0
ACC_0413,952,2,1,257615.47,0
ACC_0414,1993,2,0,199563.91,0
ACC_0415,1011,2,1,59084.19,0
ACC_0416,1732,2,1,368679.71,0
ACC_0417,229,2,0,284305.66,0
ACC_0418,1344,2,0,124147.89,0
ACC_0419,1207,2,1,114878.52,0
ACC_0420,1984,2,1,231766.92,0
ACC_0421,96,2,1,296308.05,0
ACC_0422,1032,2,0,215720.77,0
ACC_0423,283,2,1,391950.48,0
ACC_0424,1406,2,1,294062.12,0
ACC_0425,1942,2,0,318007.01,0
ACC_0426,275,2,0,285680.77,0
ACC_0427,412,2,1,72315.41,0
ACC_0428,840,2,0,302396.77,0
ACC_0429,1253,2,1,303047.63,0
ACC_0430,759,2,1,380965.03,0
ACC_0431,885,2,1,380194.22,0
ACC_0432,485,2,1,147164.92,0
ACC_0433,1753,2,0,4079.86,0
ACC_0434,1341,2,0,220999.18,0
ACC_0435,354,2,1,39627.68,0
ACC_0436,1750,2,0,274268.91,0
ACC_0437,1306,2,1,7486.62,0
ACC_0438,424,2,0,49430.51,0
ACC_0439,473,2,1,188771.95,0
ACC_0440,1053,2,1,274615.22,0
ACC_0441,1305,2,0,341524.91,0
ACC_0442,975,2,0,32661.4,0
ACC_0443,790,2,1,333889.67,0
ACC_0444,460,2,1,151776.3,0
ACC_0445,533,2,1,368774.44,0
ACC_0446,1353,2,0,418667.27,0
ACC_0447,1759,2,0,258239.19,0
ACC_0448,519,2,1,13077.73,0
ACC_0449,1729,2,1,354367.77,0
ACC_0450,518,2,0,194624.72,0
ACC_0451,1513,2,1,408139.68,0
ACC_0452,1182,2,1,73696.44,0
ACC_0453,946,2,0,131423.61,0
ACC_0454,1883,2,1,295125.9,0
ACC_0455,1105,2,1,375474.47,0
ACC_0456,1465,2,1,188812.23,0
ACC_0457,80,2,0,370893.06,0
ACC_0458,143,2,1,121073.79,0
ACC_0459,1470,2,1,141006.19,0
ACC_0460,993,2,1,94894.06,0
ACC_0461,1915,2,0,309873.46,0
ACC_0462,1869,2,0,206323.12,0
ACC_0463,1667,2,1,90865.62,0
ACC_0464,1688,2,0,333862.92,0
ACC_0465,1769,2,1,11252.03,0
ACC_0466,408,2,1,17534.22,0
ACC_0467,1911,2,0,83050.58,0
ACC_0468,586,2,1,53854.83,0
ACC_0469,1356,2,0,109646.12,0
ACC_0470,580,2,1,214199.1,0
ACC_0471,1914,2,0,143226.47,0
ACC_0472,445,2,0,136559.06,0
ACC_0473,1800,2,1,202634.04,0
ACC_0474,1403,2,1,421161.42,0
ACC_0475,225,2,1,301330.24,0
ACC_0476,860,2,0,392509.51,0
ACC_0477,838,2,1,48552.09,0
ACC_0478,460,2,1,248175.49,0
ACC_0479,1546,2,1,268417.92,0
ACC_0480,1743,2,1,335954.75,0
ACC_0481,301,2,1,225387.67,0
ACC_0482,860,2,0,38946.66,0
ACC_0483,648,2,1,173641.93,0
ACC_0484,253,2,0,89648.03,0
ACC_0485,181,2,0,89344.36,0
ACC_0486,946,2,0,411244.01,0
ACC_0487,376,2,0,17131.5,0
ACC_0488,833,2,0,266185.28,0
ACC_0489,612,2,0,376723.17,0
ACC_0490,1773,2,0,339218.3,0
ACC_0491,170,2,0,37921.2,0
ACC_0492,1167,2,1,259558.66,0
ACC_0493,81,2,1,279308.68,0
ACC_0494,868,2,1,191499.33,0
ACC_0495,1037,2,1,109459.03,0
ACC_0496,968,2,1,267383.88,0
ACC_0497,1230,2,0,147926.16,0
ACC_0498,1987,2,0,189377.95,0
ACC_0499,347,2,1,241517.75,0
ACC_0500,973,2,0,145963.59,0
ACC_0501,371,2,0,282199.52,0
ACC_0502,1797,2,1,98088.39,0
ACC_0503,1290,2,1,201787.67,0
ACC_0504,921,2,0,181774.72,0
ACC_0505,83,2,1,151798.55,0
ACC_0506,1447,2,0,219875.55,0
ACC_0507,1645,2,0,251504.55,0
ACC_0508,479,2,1,173038.7,0
ACC_0509,1823,2,0,389460.68,0
ACC_0510,1857,2,0,428629.91,0
ACC_0511,245,2,0,93847.68,0
ACC_0512,1320,2,1,361741.57,0
ACC_0513,1820,2,1,310259.41,0
ACC_0514,811,2,0,274580.36,0
ACC_0515,585,2,0,81130.53,0
ACC_0516,896,2,1,190881.65,0
ACC_0517,1585,2,0,194368.77,0
ACC_0518,563,2,1,287466.96,0
ACC_0519,1826,2,1,171139.33,0
ACC_0520,87,2,1,284945.99,0
ACC_0521,1532,2,0,59666.28,0
ACC_0522,360,2,1,104134.36,0
ACC_0523,1093,2,1,76324.29,0
ACC_0524,1688,2,1,358693.63,0
ACC_0525,1340,2,1,255449.66,0
ACC_0526,1031,2,0,75160.75,0
ACC_0527,1367,2,1,319074.62,0
ACC_0528,1287,2,1,365242.62,0
ACC_0529,1639,2,1,373830.21,0
ACC_0530,1985,2,1,51546.36,0
ACC_0531,1965,2,0,56280.69,0
ACC_0532,1376,2,0,20454.77,0
ACC_0533,178,2,1,80716.47,0
ACC_0534,1142,2,1,220899.39,0
ACC_0535,1289,2,0,173837.16,0
ACC_0536,301,2,0,5716.29,0
ACC_0537,276,2,0,375416.2,0
ACC_0538,1306,2,1,227109.15,0
ACC_0539,978,2,0,63426.6,0
ACC_0540,443,2,1,65093.55,0
ACC_0541,805,2,0,73164.4,0
ACC_0542,1424,2,1,291742.75,0
ACC_0543,1435,2,1,416297.78,0
ACC_0544,1258,2,0,362648.59,0
ACC_0545,1301,2,1,11103.85,0
ACC_0546,1228,2,0,373998.43,0
ACC_0547,1964,2,1,402418.42,0
ACC_0548,873,2,0,260901.13,0
ACC_0549,1370,2,0,172331.51,0
ACC_0550,1152,2,1,152928.96,0
ACC_0551,1069,2,0,139878.99,0
ACC_0552,1244,2,1,376630.78,0
ACC_0553,644,2,1,127272.91,0
ACC_0554,1030,2,0,176733.71,0
ACC_0555,553,2,0,191313.03,0
ACC_0556,1565,2,0,345383.37,0
ACC_0557,910,2,0,164537.99,0
ACC_0558,881,2,0,144278.52,0
ACC_0559,1148,2,1,173320.38,0
ACC_0560,976,2,1,238577.28,0
ACC_0561,1500,2,1,163501.07,0
ACC_0562,161,2,1,262117.38,0
ACC_0563,1705,2,0,328903.11,0
ACC_0564,1860,2,1,373452.14,0
ACC_0565,875,2,0,395258.92,0
ACC_0566,1304,2,1,166475.8,0
ACC_0567,363,2,1,232195.33,0
ACC_0568,842,2,1,238969.06,0
ACC_0569,1897,2,0,412946.35,0
ACC_0570,1064,2,0,188181.32,0
ACC_0571,395,2,0,388316.29,0
ACC_0572,852,2,0,166423.92,0
ACC_0573,383,2,0,154235.16,0
ACC_0574,1885,2,1,268073.49,0
ACC_0575,432,2,1,135243.02,0
ACC_0576,810,2,1,252471.29,0
ACC_0577,165,2,0,310398.95,0
ACC_0578,648,2,1,55816.0,0
ACC_0579,1542,2,1,371773.73,0
ACC_0580,1122,2,1,307355.42,0
ACC_0581,371,2,0,82951.87,0
ACC_0582,1011,2,0,210750.96,0
ACC_0583,1858,2,0,163611.55,0
ACC_0584,1768,2,0,411181.19,0
ACC_0585,946,2,0,224301.04,0
ACC_0586,1303,2,1,94440.01,0
ACC_0587,69,2,1,158154.95,0
ACC_0588,741,2,0,155005.72,0
ACC_0589,1237,2,1,133002.72,0
ACC_0590,723,2,0,185129.47,0
ACC_0591,1285,2,0,332035.49,0
ACC_0592,1052,2,1,69138.26,0
ACC_0593,1644,2,0,373222.27,0
ACC_0594,690,2,1,80046.25,0
ACC_0595,864,2,0,263679.09,0
ACC_0596,1243,2,0,113649.04,0
ACC_0597,1160,2,1,216414.92,0
ACC_0598,829,2,1,259374.9,0
ACC_0599,1741,2,1,187040.72,0
ACC_0600,1250,2,0,10377.76,0
ACC_0601,1363,2,1,48200.57,0
ACC_0602,1301,2,1,391526.82,0
ACC_0603,680,2,1,40295.99,0
ACC_0604,412,2,1,175468.9,0
ACC_0605,1436,2,1,155680.42,0
ACC_0606,767,2,1,359970.16,0
ACC_0607,1015,2,0,103722.26,0
ACC_0608,208,2,1,257560.66,0
ACC_0609,126,2,1,142544.58,0
ACC_0610,1342,2,1,26021.97,0
ACC_0611,1255,2,0,242554.42,0
ACC_0612,413,2,1,146501.19,0
ACC_0613,721,2,1,413846.67,0
ACC_0614,1928,2,0,326972.52,0
ACC_0615,370,2,1,45016.19,0
ACC_0616,692,2,0,4129.79,0
ACC_0617,1483,2,0,344370.76,0
ACC_0618,1739,2,1,54934.74,0
ACC_0619,686,2,1,428779.93,0
ACC_0620,1955,2,0,107982.54,0
ACC_0621,345,2,1,270744.11,0
ACC_0622,1037,2,0,374031.56,0
ACC_0623,1072,2,0,338620.83,0
ACC_0624,797,2,1,54000.84,0
ACC_0625,1746,2,1,157882.44,0
ACC_0626,400,2,1,106011.3,0
ACC_0627,508,2,1,173666.88,0
ACC_0628,1490,2,0,377737.43,0
ACC_0629,321,2,0,216499.16,0
ACC_0630,401,2,1,171122.72,0
ACC_0631,71,2,0,53451.36,0
ACC_0632,653,2,0,292471.75,0
ACC_0633,1753,2,0,64123.52,0
ACC_0634,1090,2,1,38265.82,0
ACC_0635,1488,2,1,69484.13,0
ACC_0636,990,2,1,421551.41,0
ACC_0637,1851,2,0,249999.98,0
ACC_0638,312,2,0,398909.18,0
ACC_0639,1865,2,1,388415.28,0
ACC_0640,297,2,1,218899.31,0
ACC_0641,961,2,1,161051.75,0
ACC_0642,1475,2,1,220416.48,0
ACC_0643,1162,2,0,239018.45,0
ACC_0644,1883,2,1,258194.16,0
ACC_0645,602,2,1,191886.81,0
ACC_0646,1911,2,0,3742.45,0
ACC_0647,102,2,0,282146.15,0
ACC_0648,526,2,1,245406.56,0
ACC_0649,837,2,1,211203.32,0
ACC_0650,749,2,1,301353.09,0
ACC_0651,516,2,1,76712.78,0
ACC_0652,208,2,1,133523.07,0
ACC_0653,942,2,1,299889.18,0
ACC_0654,668,2,1,430584.93,0
ACC_0655,844,2,1,98191.85,0
ACC_0656,1304,2,0,229384.56,0
ACC_0657,1314,2,0,342932.91,0
ACC_0658,1786,2,1,86976.28,0
ACC_0659,578,2,1,209932.37,0
ACC_0660,514,2,0,333170.22,0
ACC_0661,569,2,1,60921.52,0
ACC_0662,464,2,1,114903.98,0
ACC_0663,709,2,0,84865.27,0
ACC_0664,960,2,1,8792.54,0
ACC_0665,301,2,0,88790.03,0
ACC_0666,232,2,1,162711.43,0
ACC_0667,556,2,1,198255.25,0
ACC_0668,367,2,1,67533.46,0
ACC_0669,569,2,1,142691.17,0
ACC_0670,1847,2,0,350897.85,0
ACC_0671,1816,2,1,200427.0,0
ACC_0672,80,2,0,60639.32,0
ACC_0673,251,2,0,138720.31,0
ACC_0674,188,2,0,36336.98,0
ACC_0675,1180,2,0,20061.85,0
ACC_0676,291,2,1,276577.11,0
ACC_0677,861,2,1,196433.31,0
ACC_0678,1004,2,0,32153.73,0
ACC_0679,915,2,0,48879.09,0
ACC_0680,999,2,1,295009.58,0
ACC_0681,904,2,1,323275.19,0
ACC_0682,1468,2,1,34126.38,0
ACC_0683,723,2,1,221475.37,0
ACC_0684,291,2,1,130635.84,0
ACC_0685,1734,2,0,407287.91,0
ACC_0686,558,2,1,78188.44,0
ACC_0687,1344,2,1,359400.96,0
ACC_0688,579,2,1,12572.82,0
ACC_0689,1051,2,1,388689.11,0
ACC_0690,1731,2,0,271205.87,0
ACC_0691,1021,2,0,8067.23,0
ACC_0692,1887,2,0,335453.11,0
ACC_0693,228,2,0,208484.57,0
ACC_0694,826,2,0,345769.16,0
ACC_0695,711,2,1,52419.02,0
ACC_0696,840,2,1,324074.55,0
ACC_0697,1371,2,0,70703.91,0
ACC_0698,581,2,1,401191.03,0
ACC_0699,242,2,1,164675.35,0
ACC_0700,905,2,1,266183.32,0
ACC_0701,849,2,1,401291.23,0
ACC_0702,1255,2,1,383558.63,0
ACC_0703,947,2,0,291251.29,0
ACC_0704,1305,2,0,366246.74,0
ACC_0705,1316,2,1,276092.72,0
ACC_0706,1081,2,1,364312.18,0
ACC_0707,1443,2,1,80966.73,0
ACC_0708,1819,2,1,237089.53,0
ACC_0709,294,2,1,234745.88,0
ACC_0710,1864,2,1,60032.61,0
ACC_0711,522,2,1,417061.58,0
ACC_0712,1546,2,1,363757.18,0
ACC_0713,520,2,1,328406.46,0
ACC_0714,1436,2,1,131069.76,0
ACC_0715,78,2,1,43765.46,0
ACC_0716,167,2,0,329664.47,0
ACC_0717,1194,2,1,242665.33,0
ACC_0718,1667,2,1,314816.2,0
ACC_0719,508,2,1,86689.84,0
ACC_0720,1915,2,0,91008.87,0
ACC_0721,1093,2,0,352796.72,0
ACC_0722,1814,2,1,155846.75,0
ACC_0723,1096,2,1,228149.79,0
ACC_0724,293,2,0,18727.38,0
ACC_0725,268,2,1,324705.29,0
ACC_0726,1520,2,1,143657.5,0
ACC_0727,1838,2,0,205084.68,0
ACC_0728,1294,2,0,161383.8,0
ACC_0729,1464,2,0,337923.26,0
ACC_0730,1073,2,1,171329.61,0
ACC_0731,1552,2,1,80014.82,0
ACC_0732,261,2,0,155893.21,0
ACC_0733,1140,2,1,175956.94,0
ACC_0734,642,2,1,278772.26,0
ACC_0735,1811,2,1,100177.96,0
ACC_0736,559,2,1,262134.12,0
ACC_0737,221,2,1,261559.19,0
ACC_0738,1271,2,0,217052.73,0
ACC_0739,1961,2,1,301516.06,0
ACC_0740,1159,2,0,306770.51,0
ACC_0741,986,2,0,226495.05,0
ACC_0742,1768,2,1,144197.78,0
ACC_0743,1266,2,1,162717.19,0
ACC_0744,1196,2,1,318758.08,0
ACC_0745,1030,2,0,131881.6,0
ACC_0746,220,2,1,276138.38,0
ACC_0747,1835,2,1,297444.39,0
ACC_0748,1642,2,0,168034.04,0
ACC_0749,196,2,0,90537.94,0
ACC_0750,559,2,1,146904.64,0
ACC_0751,1032,2,0,254561.07,0
ACC_0752,1713,2,1,225544.94,0
ACC_0753,1960,2,0,27648.71,0
ACC_0754,606,2,1,377477.64,0
ACC_0755,1432,2,1,209620.13,0
ACC_0756,976,2,1,210503.86,0
ACC_0757,1665,2,0,24952.32,0
ACC_0758,1378,2,1,190746.84,0
ACC_0759,1396,2,1,28138.86,0
ACC_0760,745,2,0,61585.69,0
ACC_0761,1626,2,0,205830.69,0
ACC_0762,784,2,1,28042.24,0
ACC_0763,473,2,1,121718.39,0
ACC_0764,1303,2,0,421219.17,0
ACC_0765,1483,2,0,196268.55,0
ACC_0766,264,2,1,70593.97,0
ACC_0767,1311,2,1,30440.63,0
ACC_0768,309,2,1,151792.32,0
ACC_0769,749,2,1,152401.88,0
ACC_0770,698,2,1,317381.04,0
ACC_0771,1286,2,0,243576.05,0
ACC_0772,258,2,1,358258.81,0
ACC_0773,1971,2,1,316683.7,0
ACC_0774,373,2,0,65703.04,0
ACC_0775,1682,2,1,245787.48,0
ACC_0776,1998,2,1,409310.22,0
ACC_0777,1991,2,1,52478.63,0
ACC_0778,1261,2,0,182666.89,0
ACC_0779,1076,2,0,244027.84,0
ACC_0780,652,2,0,101022.23,0
ACC_0781,87,2,0,32589.13,0
ACC_0782,1681,2,1,266166.43,0
ACC_0783,1577,2,1,211243.89,0
ACC_0784,912,2,1,288138.1,0
ACC_0785,1140,2,0,201647.42,0
ACC_0786,1963,2,1,324593.14,0
ACC_0787,647,2,1,223156.13,0
ACC_0788,630,2,1,25858.2,0
ACC_0789,1914,2,1,149160.67,0
ACC_0790,336,2,1,145064.13,0
ACC_0791,1961,2,0,11287.93,0
ACC_0792,803,2,0,380412.87,0
ACC_0793,663,2,1,409139.7,0
ACC_0794,739,2,0,334330.14,0
ACC_0795,506,2,1,43934.68,0
ACC_0796,1982,2,0,234379.85,0
ACC_0797,1071,2,0,162935.95,0
ACC_0798,1874,2,0,166571.93,0
ACC_0799,1998,2,1,87399.01,0
ACC_0800,327,2,1,126609.9,0
ACC_0801,535,2,0,122027.62,0
ACC_0802,1155,2,0,173233.75,0
ACC_0803,297,2,1,71267.85,0
ACC_0804,527,2,1,74729.1,0
ACC_0805,907,2,0,391791.77,0
ACC_0806,1709,2,1,220820.69,0
ACC_0807,279,2,1,82521.92,0
ACC_0808,672,2,0,355049.72,0
ACC_0809,672,2,1,267193.67,0
ACC_0810,1841,2,0,53998.68,0
ACC_0811,1990,2,1,417917.04,0
ACC_0812,634,2,1,56050.68,0
ACC_0813,729,2,0,74695.08,0
ACC_0814,1185,2,0,284687.81,0
ACC_0815,1723,2,1,243399.33,0
ACC_0816,412,2,1,356155.4,0
ACC_0817,1749,2,1,316973.1,0
ACC_0818,760,2,1,130616.22,0
ACC_0819,1569,2,1,307868.01,0
ACC_0820,1460,2,1,355589.25,0
ACC_0821,1959,2,1,112551.54,0
ACC_0822,1041,2,0,147203.13,0
ACC_0823,1045,2,1,51984.87,0
ACC_0824,1301,2,1,106362.07,0
ACC_0825,1775,2,0,320475.19,0
ACC_0826,397,2,0,282551.63,0
ACC_0827,1259,2,1,319788.81,0
ACC_0828,679,2,1,423048.56,0
ACC_0829,990,2,1,320313.86,0
ACC_0830,1149,2,1,5235.26,0
ACC_0831,1130,2,1,370197.84,0
ACC_0832,183,2,0,34732.2,0
ACC_0833,699,2,0,300974.11,0
ACC_0834,1898,2,1,94696.85,0
ACC_0835,286,2,0,178518.44,0
ACC_0836,1737,2,0,103315.73,0
ACC_0837,452,2,0,288479.53,0
ACC_0838,269,2,0,378118.73,0
ACC_0839,278,2,1,51147.89,0
ACC_0840,947,2,1,100731.3,0
ACC_0841,560,2,1,166563.6,0
ACC_0842,1625,2,0,208833.62,0
ACC_0843,1964,2,1,320574.93,0
ACC_0844,213,2,0,58201.28,0
ACC_0845,142,2,0,357475.13,0
ACC_0846,1358,2,0,11314.01,0
ACC_0847,1410,2,0,243154.77,0
ACC_0848,1719,2,0,124203.68,0
ACC_0849,1002,2,1,97181.06,0
ACC_0850,1520,2,1,44955.37,0
ACC_0851,345,2,1,246575.96,0
ACC_0852,879,2,1,259936.35,0
ACC_0853,1822,2,1,316437.45,0
ACC_0854,100,2,1,390400.22,0
ACC_0855,1859,2,0,145146.79,0
ACC_0856,1681,2,0,82995.45,0
ACC_0857,754,2,1,362664.4,0
ACC_0858,491,2,1,253274.45,0
ACC_0859,1659,2,0,249222.86,0
ACC_0860,720,2,1,359760.41,0
ACC_0861,1767,2,1,43808.46,0
ACC_0862,1528,2,1,375687.47,0
ACC_0863,541,2,0,248547.28,0
ACC_0864,1384,2,0,38817.51,0
ACC_0865,497,2,1,335130.04,0
ACC_0866,1956,2,1,74210.89,0
ACC_0867,465,2,0,274052.16,0
ACC_0868,1871,2,0,277607.02,0
ACC_0869,1906,2,1,48249.91,0
ACC_0870,1489,2,0,419476.24,0
ACC_0871,1575,2,0,260918.92,0
ACC_0872,1010,2,0,118822.01,0
ACC_0873,1345,2,0,4851.37,0
ACC_0874,632,2,1,23155.92,0
ACC_0875,1731,2,1,204794.54,0
ACC_0876,500,2,1,210106.39,0
ACC_0877,1507,2,1,195295.35,0
ACC_0878,1935,2,1,224899.71,0
ACC_0879,1057,2,0,24804.45,0
ACC_0880,1219,2,1,49878.23,0
ACC_0881,661,2,1,191469.89,0
ACC_0882,763,2,1,129330.61,0
ACC_0883,441,2,1,353466.64,0
ACC_0884,876,2,0,52368.37,0
ACC_0885,878,2,0,249835.56,0
ACC_0886,1634,2,1,304447.66,0
ACC_0887,1742,2,1,401766.4,0
ACC_0888,1640,2,1,184311.19,0
ACC_0889,1415,2,0,291031.98,0
ACC_0890,1192,2,0,136135.27,0
ACC_0891,1384,2,0,412307.79,0
ACC_0892,1536,2,1,276234.35,0
ACC_0893,1426,2,0,358995.31,0
ACC_0894,1772,2,0,297735.12,0
ACC_0895,1407,2,1,199051.72,0
ACC_0896,653,2,1,259064.14,0
ACC_0897,995,2,0,34019.68,0
ACC_0898,1461,2,1,324836.07,0
ACC_0899,1853,2,0,294342.21,0
ACC_0900,509,2,0,260079.83,0
ACC_0901,969,2,0,394852.13,0
ACC_0902,1460,2,1,77219.89,0
ACC_0903,513,2,1,390211.0,0
ACC_0904,1761,2,0,428257.17,0
ACC_0905,317,2,1,184399.48,0
ACC_0906,478,2,1,39753.7,0
ACC_0907,1045,2,0,349756.89,0
ACC_0908,1210,2,1,315977.92,0
ACC_0909,1588,2,1,169558.98,0
ACC_0910,1190,2,1,291898.9,0
ACC_0911,434,2,1,372770.48,0
ACC_0912,1113,2,1,345626.14,0
ACC_0913,1534,2,1,251757.71,0
ACC_0914,1124,2,1,140202.54,0
ACC_0915,619,2,1,162130.42,0
ACC_0916,1201,2,0,298512.71,0
ACC_0917,738,2,1,74555.18,0
ACC_0918,66,2,1,384917.57,0
ACC_0919,1276,2,0,149156.97,0
ACC_0920,1285,2,0,276448.95,0
ACC_0921,1510,2,1,342772.96,0
ACC_0922,454,2,1,293678.48,0
ACC_0923,384,2,1,364194.29,0
ACC_0924,1523,2,0,198094.29,0
ACC_0925,1471,2,1,420015.62,0
ACC_0926,985,2,1,220136.97,0
ACC_0927,134,2,1,46141.06,0
ACC_0928,1513,2,1,169813.53,0
ACC_0929,1317,2,1,137777.56,0
ACC_0930,184,2,1,127512.46,0
ACC_0931,544,2,0,162278.07,0
ACC_0932,183,2,1,384192.13,0
ACC_0933,1791,2,0,237241.27,0
ACC_0934,856,2,1,415350.44,0
ACC_0935,1583,2,1,419465.94,0
ACC_0936,1361,2,1,69635.74,0
ACC_0937,364,2,1,75715.55,0
ACC_0938,880,2,0,192285.07,0
ACC_0939,1637,2,0,307341.48,0
ACC_0940,821,2,1,150304.71,0
ACC_0941,1063,2,1,359466.96,0
ACC_0942,895,2,1,252272.32,0
ACC_0943,1363,2,0,68083.41,0
ACC_0944,925,2,1,175722.04,0
ACC_0945,332,2,0,132329.65,0
ACC_0946,1297,2,1,269490.95,0
ACC_0947,224,2,0,66996.41,0
ACC_0948,576,2,1,236231.73,0
ACC_0949,1742,2,1,257647.41,0
ACC_0950,1949,2,0,232102.83,0
ACC_0951,1223,2,1,323126.44,0
ACC_0952,1570,2,1,343839.85,0
ACC_0953,1103,2,1,18363.2,0
ACC_0954,1665,2,1,201810.23,0
ACC_0955,1387,2,1,326879.73,0
ACC_0956,641,2,1,164391.33,0
ACC_0957,1185,2,1,244665.69,0
ACC_0958,466,2,1,222630.41,0
ACC_0959,820,2,1,314496.93,0
ACC_0960,1033,2,1,193576.48,0
ACC_0961,1770,2,0,249299.8,0
ACC_0962,424,2,1,430339.07,0
ACC_0963,1923,2,0,191731.78,0
ACC_0964,940,2,1,106579.82,0
ACC_0965,1658,2,0,195659.88,0
ACC_0966,1096,2,0,98167.37,0
ACC_0967,779,2,0,401693.87,0
ACC_0968,1809,2,0,300280.89,0
ACC_0969,1893,2,0,279691.07,0
ACC_0970,1287,2,0,123020.73,0
ACC_0971,755,2,1,343490.0,0
ACC_0972,1246,2,0,293550.24,0
ACC_0973,172,2,1,4592.84,0
ACC_0974,638,2,0,360947.55,0
ACC_0975,60,2,1,6027.23,0
ACC_0976,707,2,0,285718.76,0
ACC_0977,1210,2,0,303494.68,0
ACC_0978,762,2,1,212499.75,0
ACC_0979,1001,2,1,298084.89,0
ACC_0980,1441,2,1,238847.44,0
ACC_0981,969,2,0,409589.55,0
ACC_0982,1373,2,1,46843.21,0
ACC_0983,417,2,1,36527.71,0
ACC_0984,434,2,0,107371.85,0
ACC_0985,1441,2,1,34831.15,0
ACC_0986,1096,2,0,94040.58,0
ACC_0987,1373,2,1,347812.01,0
ACC_0988,1033,2,1,117626.38,0
ACC_0989,1713,2,1,207705.6,0
ACC_0990,380,2,1,97536.97,0
ACC_0991,840,2,0,156887.55,0
ACC_0992,1396,2,0,84071.88,0
ACC_0993,242,2,1,196101.43,0
ACC_0994,1093,2,0,241215.21,0
ACC_0995,719,2,0,107243.53,0
ACC_0996,471,2,1,133488.34,0
ACC_0997,906,2,1,226440.78,0
ACC_0998,1288,2,0,312328.66,0
ACC_0999,1095,2,1,125383.02,0
ACC_1000,909,2,0,312785.51,0
ACC_1001,932,2,0,139654.18,0
ACC_1002,1050,2,1,339044.33,0
ACC_1003,1869,2,1,306468.73,0
ACC_1004,1426,2,1,203649.09,0
ACC_1005,449,2,1,321003.3,0
ACC_1006,1240,2,0,357764.56,0
ACC_1007,1702,2,1,364617.78,0
ACC_1008,487,2,1,392244.4,0
ACC_1009,878,2,1,393419.64,0
ACC_1010,683,2,0,292830.0,0
ACC_1011,460,2,0,215149.93,0
ACC_1012,988,2,0,365276.14,0
ACC_1013,1010,2,1,75122.7,0
ACC_1014,294,2,0,417454.75,0
ACC_1015,1959,2,1,293244.77,0
ACC_1016,852,2,1,48738.33,0
ACC_1017,1038,2,0,431771.34,0
ACC_1018,972,2,1,413493.04,0
ACC_1019,599,2,0,207504.58,0
ACC_1020,1579,2,1,161554.15,0
ACC_1021,1319,2,1,371577.04,0
ACC_1022,1096,2,1,355821.86,0
ACC_1023,90,2,0,162605.64,0
ACC_1024,1249,2,1,380659.15,0
ACC_1025,1183,2,0,263961.01,0
ACC_1026,221,2,1,402357.85,0
ACC_1027,1887,2,0,138814.75,0
ACC_1028,999,2,1,309137.83,0
ACC_1029,1521,2,1,40160.23,0
ACC_1030,294,2,1,28486.59,0
ACC_1031,177,2,0,236566.37,0
ACC_1032,1898,2,0,9894.65,0
ACC_1033,1760,2,0,362712.88,0
ACC_1034,1932,2,1,180804.52,0
ACC_1035,446,2,1,231053.7,0
ACC_1036,1265,2,1,314128.52,0
ACC_1037,468,2,0,225953.43,0
ACC_1038,289,2,0,198487.25,0
ACC_1039,843,2,0,226923.23,0
ACC_1040,757,2,0,250082.25,0
ACC_1041,1765,2,0,349385.43,0
ACC_1042,1757,2,1,190171.47,0
ACC_1043,1819,2,1,334813.98,0
ACC_1044,578,2,1,162853.11,0
ACC_1045,1611,2,1,287632.35,0
ACC_1046,1032,2,0,366480.86,0
ACC_1047,516,2,1,359070.52,0
ACC_1048,1042,2,0,199805.38,0
ACC_1049,1297,2,1,388926.61,0
ACC_1050,548,2,0,262050.21,0
ACC_1051,1288,2,0,206580.13,0
ACC_1052,1301,2,1,427805.49,0
ACC_1053,690,2,0,428284.87,0
ACC_1054,493,2,0,244058.15,0
ACC_1055,337,2,1,100153.34,0
ACC_1056,1575,2,0,387478.58,0
ACC_1057,1108,2,0,251343.03,0
ACC_1058,326,2,0,229480.4,0
ACC_1059,1151,2,1,292397.42,0
ACC_1060,550,2,0,409464.12,0
ACC_1061,1185,2,1,204942.97,0
ACC_1062,618,2,1,299195.89,0
ACC_1063,853,2,1,6959.34,0
ACC_1064,1903,2,1,22691.14,0
ACC_1065,1756,2,0,230506.23,0
ACC_1066,74,2,1,410182.1,0
ACC_1067,1641,2,1,121283.11,0
ACC_1068,657,2,0,237874.67,0
ACC_1069,361,2,1,22406.74,0
ACC_1070,1049,2,0,209803.22,0
ACC_1071,552,2,1,365019.52,0
ACC_1072,1835,2,0,229466.47,0
ACC_1073,922,2,1,415132.6,0
ACC_1074,331,2,0,217044.3,0
ACC_1075,755,2,0,423921.97,0
ACC_1076,1076,2,1,200219.95,0
ACC_1077,333,2,1,34908.14,0
ACC_1078,945,2,1,9679.02,0
ACC_1079,679,2,0,392543.84,0
ACC_1080,1437,2,0,172906.22,0
ACC_1081,907,2,0,328031.69,0
ACC_1082,1224,2,0,334791.35,0
ACC_1083,554,2,1,199907.72,0
ACC_1084,652,2,1,245682.55,0
ACC_1085,1937,2,0,261952.75,0
ACC_1086,480,2,1,156551.37,0
ACC_1087,1595,2,1,348356.24,0
ACC_1088,1811,2,0,79807.27,0
ACC_1089,1650,2,0,44469.05,0
ACC_1090,672,2,1,176144.27,0
ACC_1091,1959,2,0,54366.52,0
ACC_1092,1348,2,1,427753.0,0
ACC_1093,605,2,0,22840.0,0
ACC_1094,664,2,1,275824.06,0
ACC_1095,463,2,0,397053.88,0
ACC_1096,1708,2,1,121644.74,0
ACC_1097,1100,2,0,111128.99,0
ACC_1098,752,2,1,284900.75,0
ACC_1099,173,2,0,379459.14,0
ACC_1100,1487,2,1,220352.37,0
ACC_1101,1798,2,0,101572.68,0
ACC_1102,1276,2,1,374924.42,0
ACC_1103,1832,2,1,188403.47,0
ACC_1104,1339,2,1,252110.06,0
ACC_1105,158,2,1,363310.2,0
ACC_1106,1192,2,1,386630.0,0
ACC_1107,386,2,0,175363.45,0
ACC_1108,521,2,0,207662.23,0
ACC_1109,1482,2,1,91191.04,0
ACC_1110,1987,2,1,145642.32,0
ACC_1111,674,2,1,276080.59,0
ACC_1112,534,2,1,406632.09,0
ACC_1113,480,2,1,44320.72,0
ACC_1114,1366,2,0,145910.64,0
ACC_1115,1053,2,0,154654.96,0
ACC_1116,1087,2,1,378828.31,0
ACC_1117,530,2,1,127848.51,0
ACC_1118,936,2,1,58378.14,0
ACC_1119,1913,2,1,256540.68,0
ACC_1120,759,2,1,27005.39,0
ACC_1121,1733,2,1,90812.98,0
ACC_1122,1168,2,1,102310.5,0
ACC_1123,1774,2,1,85475.26,0
ACC_1124,903,2,1,287649.42,0
ACC_1125,810,2,1,328785.13,0
ACC_1126,1909,2,1,142956.44,0
ACC_1127,596,2,1,119884.29,0
ACC_1128,1268,2,1,389991.18,0
ACC_1129,1969,2,1,98057.25,0
ACC_1130,1105,2,1,256629.25,0
ACC_1131,812,2,1,181158.83,0
ACC_1132,997,2,0,75280.45,0
ACC_1133,826,2,1,118773.94,0
ACC_1134,1563,2,1,117265.72,0
ACC_1135,1919,2,0,274417.13,0
ACC_1136,1718,2,0,47517.84,0
ACC_1137,1916,2,0,77323.03,0
ACC_1138,1164,2,0,358103.71,0
ACC_1139,163,2,1,45683.87,0
ACC_1140,1281,2,0,301164.68,0
ACC_1141,226,2,0,151228.39,0
ACC_1142,1501,2,0,87241.07,0
ACC_1143,1224,2,1,288548.63,0
ACC_1144,304,2,0,303981.17,0
ACC_1145,1159,2,0,190092.9,0
ACC_1146,251,2,1,166613.79,0
ACC_1147,1866,2,1,169492.45,0
ACC_1148,1535,2,1,14392.86,0
ACC_1149,1967,2,1,345269.29,0
ACC_1150,1884,2,0,191094.11,0
ACC_1151,1983,2,1,218266.05,0
ACC_1152,961,2,1,417877.91,0
ACC_1153,398,2,1,135904.67,0
ACC_1154,1419,2,0,80393.1,0
ACC_1155,1915,2,0,411636.91,0
ACC_1156,1675,2,1,374292.7,0
ACC_1157,1743,2,0,271362.5,0
ACC_1158,1597,2,0,291785.96,0
ACC_1159,899,2,1,271296.06,0
ACC_1160,510,2,0,424248.4,0
ACC_1161,1262,2,1,292350.13,0
ACC_1162,1207,2,1,12080.46,0
ACC_1163,1648,2,1,154807.42,0
ACC_1164,1484,2,0,188043.43,0
ACC_1165,905,2,0,109471.16,0
ACC_1166,1116,2,1,188997.33,0
ACC_1167,78,2,0,34492.39,0
ACC_1168,618,2,1,424310.02,0
ACC_1169,1167,2,0,274469.67,0
ACC_1170,1609,2,0,340009.16,0
ACC_1171,1560,2,1,122632.13,0
ACC_1172,397,2,0,395470.81,0
ACC_1173,1475,2,1,225811.51,0
ACC_1174,76,2,1,238270.96,0
ACC_1175,1495,2,1,319709.93,0
ACC_1176,1557,2,1,91182.34,0
ACC_1177,1772,2,1,116815.95,0
ACC_1178,837,2,1,320685.13,0
ACC_1179,1597,2,1,284954.3,0
ACC_1180,81,2,1,258652.08,0
ACC_1181,278,2,1,411189.71,0
ACC_1182,612,2,1,260230.7,0
ACC_1183,655,2,1,240667.57,0
ACC_1184,1392,2,1,417012.58,0
ACC_1185,1802,2,1,196674.09,0
ACC_1186,1435,2,0,137649.53,0
ACC_1187,159,2,1,4464.73,0
ACC_1188,1535,2,0,48970.05,0
ACC_1189,325,2,0,94885.62,0
ACC_1190,1006,2,0,90407.82,0
ACC_1191,1873,2,0,163630.88,0
ACC_1192,343,2,0,168796.83,0
ACC_1193,1090,2,1,196488.92,0
ACC_1194,1980,2,1,314500.98,0
ACC_1195,105,2,1,291682.08,0
ACC_1196,235,2,0,216960.5,0
ACC_1197,1878,2,1,43280.76,0
ACC_1198,1590,2,1,349399.9,0
ACC_1199,426,2,1,189698.38,0
